uptime_ms,adc_raw,adc_mV,temperature_C,humidity_percent
1569181,2599,2233,22.82,39.54
1570181,2592,2235,22.77,39.56
1571181,2597,2233,22.80,39.55
1572181,2591,2230,22.80,39.54
1573181,2592,2233,22.82,39.60
1574181,2595,2243,22.83,39.57
1575181,2592,2238,22.82,39.62
1576181,2590,2233,22.80,39.61
1577181,2588,2228,22.80,39.70
1578181,2595,2233,22.80,39.72
1579181,2591,2235,22.83,39.79
1580181,2587,2233,22.79,39.78
1581181,2592,2238,22.80,39.83
1582181,2591,2230,22.80,39.83
1583181,2591,2233,22.82,39.84
1584181,2591,2233,22.82,39.83
1585181,2603,2226,22.82,39.85
1586181,2575,2233,22.82,39.84
1587181,2589,2235,22.82,39.81
1588181,2591,2233,22.82,39.76
1589181,2598,2230,22.80,39.70
1590181,2597,2233,22.80,39.69
1591181,2590,2230,22.82,39.66
1592181,2591,2233,22.82,39.68
1593181,2591,2233,22.82,39.65
1594181,2595,2233,22.80,39.60
1595181,2591,2233,22.83,39.56
1596181,2589,2233,22.82,39.55
1597181,2596,2230,22.83,39.50
1598181,2591,2233,22.82,39.46
1599181,2601,2233,22.82,39.45
1600181,2595,2233,22.80,39.41
1601181,2590,2228,22.83,39.41
1602181,2589,2230,22.83,39.37
1603181,2591,2233,22.83,39.40
1604181,2588,2233,22.84,39.40
1605181,2595,2235,22.83,39.40
1606181,2591,2230,22.82,39.40
1607181,2597,2230,22.84,39.44
1608181,2605,2230,22.83,39.42
1609181,2595,2233,22.82,39.49
1610181,2589,2226,22.82,39.46
1611181,2591,2233,22.83,39.52
1612181,2596,2226,22.83,39.56
1613181,2595,2229,22.79,39.59
1614181,2585,2230,22.83,39.65
1615181,2597,2233,22.82,39.64
1616181,2599,2233,22.83,39.68
1617181,2591,2235,22.82,39.66
1618181,2591,2235,22.84,39.69
1619181,2589,2220,22.82,39.67
1620181,2587,2224,22.84,39.66
